timestamp,metric,average,maximum,minimum
2026-02-13 20:53:00+00:00,storage_percent,,,
2026-02-13 21:53:00+00:00,storage_percent,,,
2026-02-13 22:53:00+00:00,storage_percent,,,
2026-02-13 23:53:00+00:00,storage_percent,,,
2026-02-14 00:53:00+00:00,storage_percent,,,
2026-02-14 01:53:00+00:00,storage_percent,,,
2026-02-14 02:53:00+00:00,storage_percent,,,
2026-02-14 03:53:00+00:00,storage_percent,,,
2026-02-14 04:53:00+00:00,storage_percent,,,
2026-02-14 05:53:00+00:00,storage_percent,,,
2026-02-14 06:53:00+00:00,storage_percent,,,
2026-02-14 07:53:00+00:00,storage_percent,,,
2026-02-14 08:53:00+00:00,storage_percent,,,
2026-02-14 09:53:00+00:00,storage_percent,,,
2026-02-14 10:53:00+00:00,storage_percent,,,
2026-02-14 11:53:00+00:00,storage_percent,,,
2026-02-14 12:53:00+00:00,storage_percent,,,
2026-02-14 13:53:00+00:00,storage_percent,,,
2026-02-14 14:53:00+00:00,storage_percent,,,
2026-02-14 15:53:00+00:00,storage_percent,,,
2026-02-14 16:53:00+00:00,storage_percent,,,
2026-02-14 17:53:00+00:00,storage_percent,,,
2026-02-14 18:53:00+00:00,storage_percent,,,
2026-02-14 19:53:00+00:00,storage_percent,,,
2026-02-14 20:53:00+00:00,storage_percent,,,
2026-02-14 21:53:00+00:00,storage_percent,,,
2026-02-14 22:53:00+00:00,storage_percent,,,
2026-02-14 23:53:00+00:00,storage_percent,,,
2026-02-15 00:53:00+00:00,storage_percent,,,
2026-02-15 01:53:00+00:00,storage_percent,,,
2026-02-15 02:53:00+00:00,storage_percent,,,
2026-02-15 03:53:00+00:00,storage_percent,,,
2026-02-15 04:53:00+00:00,storage_percent,,,
2026-02-15 05:53:00+00:00,storage_percent,,,
2026-02-15 06:53:00+00:00,storage_percent,,,
2026-02-15 07:53:00+00:00,storage_percent,,,
2026-02-15 08:53:00+00:00,storage_percent,,,
2026-02-15 09:53:00+00:00,storage_percent,,,
2026-02-15 10:53:00+00:00,storage_percent,,,
2026-02-15 11:53:00+00:00,storage_percent,,,
2026-02-15 12:53:00+00:00,storage_percent,,,
2026-02-15 13:53:00+00:00,storage_percent,,,
2026-02-15 14:53:00+00:00,storage_percent,,,
2026-02-15 15:53:00+00:00,storage_percent,,,
2026-02-15 16:53:00+00:00,storage_percent,,,
2026-02-15 17:53:00+00:00,storage_percent,,,
2026-02-15 18:53:00+00:00,storage_percent,,,
2026-02-15 19:53:00+00:00,storage_percent,,,
2026-02-15 20:53:00+00:00,storage_percent,,,
2026-02-15 21:53:00+00:00,storage_percent,,,
2026-02-15 22:53:00+00:00,storage_percent,,,
2026-02-15 23:53:00+00:00,storage_percent,,,
2026-02-16 00:53:00+00:00,storage_percent,,,
2026-02-16 01:53:00+00:00,storage_percent,,,
2026-02-16 02:53:00+00:00,storage_percent,,,
2026-02-16 03:53:00+00:00,storage_percent,,,
2026-02-16 04:53:00+00:00,storage_percent,,,
2026-02-16 05:53:00+00:00,storage_percent,,,
2026-02-16 06:53:00+00:00,storage_percent,,,
2026-02-16 07:53:00+00:00,storage_percent,,,
2026-02-16 08:53:00+00:00,storage_percent,,,
2026-02-16 09:53:00+00:00,storage_percent,,,
2026-02-16 10:53:00+00:00,storage_percent,,,
2026-02-16 11:53:00+00:00,storage_percent,,,
2026-02-16 12:53:00+00:00,storage_percent,,,
2026-02-16 13:53:00+00:00,storage_percent,,,
2026-02-16 14:53:00+00:00,storage_percent,,,
2026-02-16 15:53:00+00:00,storage_percent,,,
2026-02-16 16:53:00+00:00,storage_percent,,,
2026-02-16 17:53:00+00:00,storage_percent,,,
2026-02-16 18:53:00+00:00,storage_percent,,,
2026-02-16 19:53:00+00:00,storage_percent,,,
2026-02-16 20:53:00+00:00,storage_percent,,,
2026-02-16 21:53:00+00:00,storage_percent,,,
2026-02-16 22:53:00+00:00,storage_percent,,,
2026-02-16 23:53:00+00:00,storage_percent,,,
2026-02-17 00:53:00+00:00,storage_percent,,,
2026-02-17 01:53:00+00:00,storage_percent,,,
2026-02-17 02:53:00+00:00,storage_percent,,,
2026-02-17 03:53:00+00:00,storage_percent,,,
2026-02-17 04:53:00+00:00,storage_percent,,,
2026-02-17 05:53:00+00:00,storage_percent,,,
2026-02-17 06:53:00+00:00,storage_percent,,,
2026-02-17 07:53:00+00:00,storage_percent,,,
2026-02-17 08:53:00+00:00,storage_percent,,,
2026-02-17 09:53:00+00:00,storage_percent,,,
2026-02-17 10:53:00+00:00,storage_percent,6.814302272166949,6.84395400267179,6.737887918527373
2026-02-17 11:53:00+00:00,storage_percent,6.91420503550849,6.994050168094454,6.84395400267179
2026-02-17 12:53:00+00:00,storage_percent,7.06894690376265,7.1252915657020575,6.994050168094454
2026-02-17 13:53:00+00:00,storage_percent,7.1252972653889595,7.125297672509447,7.1252915657020575
2026-02-17 14:53:00+00:00,storage_percent,7.125297672509452,7.125297672509447,7.125297672509447
2026-02-17 15:53:00+00:00,storage_percent,7.125297672509452,7.125297672509447,7.125297672509447
2026-02-17 16:53:00+00:00,storage_percent,7.125297672509452,7.125297672509447,7.125297672509447
2026-02-17 17:53:00+00:00,storage_percent,7.12531370287885,7.125334313353784,7.125297672509447
2026-02-17 18:53:00+00:00,storage_percent,7.1253414888524675,7.1253465269685625,7.125334313353784
2026-02-17 19:53:00+00:00,storage_percent,7.125346526968567,7.1253465269685625,7.1253465269685625
2026-02-17 20:53:00+00:00,storage_percent,7.125346526968567,7.1253465269685625,7.1253465269685625
2026-02-17 21:53:00+00:00,storage_percent,7.125352175765402,7.125352633775951,7.1253465269685625
2026-02-17 22:53:00+00:00,storage_percent,7.1253526337759565,7.125352633775951,7.125352633775951
2026-02-17 23:53:00+00:00,storage_percent,7.1253526337759565,7.125352633775951,7.125352633775951
2026-02-18 00:53:00+00:00,storage_percent,7.1253526337759565,7.125352633775951,7.125352633775951
2026-02-18 01:53:00+00:00,storage_percent,7.125361106971201,7.125361793987036,7.125352633775951
2026-02-18 02:53:00+00:00,storage_percent,7.1253617939870315,7.125361793987036,7.125361793987036
2026-02-18 03:53:00+00:00,storage_percent,7.1253617939870315,7.125361793987036,7.125361793987036
2026-02-18 04:53:00+00:00,storage_percent,7.1253617939870315,7.125361793987036,7.125361793987036
2026-02-18 05:53:00+00:00,storage_percent,7.125367442783869,7.1253679007944255,7.125361793987036
2026-02-18 06:53:00+00:00,storage_percent,7.125367900794425,7.1253679007944255,7.1253679007944255
2026-02-18 07:53:00+00:00,storage_percent,7.125367900794423,7.1253679007944255,7.1253679007944255
2026-02-18 08:53:00+00:00,storage_percent,7.125367900794425,7.1253679007944255,7.1253679007944255
2026-02-18 09:53:00+00:00,storage_percent,7.125373549591258,7.125374007601815,7.1253679007944255
2026-02-18 10:53:00+00:00,storage_percent,7.125374363832242,7.125392328023983,7.125374007601815
2026-02-18 11:53:00+00:00,storage_percent,7.125374007601811,7.125374007601815,7.125374007601815
2026-02-18 12:53:00+00:00,storage_percent,7.125374007601811,7.125374007601815,7.125374007601815
2026-02-18 13:53:00+00:00,storage_percent,7.125379096607969,7.1253801144092055,7.125374007601815
2026-02-18 14:53:00+00:00,storage_percent,7.125380114409202,7.1253801144092055,7.1253801144092055
2026-02-18 15:53:00+00:00,storage_percent,7.125380114409202,7.1253801144092055,7.1253801144092055
2026-02-18 16:53:00+00:00,storage_percent,7.125380114409202,7.1253801144092055,7.1253801144092055
2026-02-18 17:53:00+00:00,storage_percent,7.125385203415361,7.125386221216594,7.1253801144092055
2026-02-18 18:53:00+00:00,storage_percent,7.125386221216592,7.125386221216594,7.125386221216594
2026-02-18 19:53:00+00:00,storage_percent,7.125386221216592,7.125386221216594,7.125386221216594
2026-02-18 20:53:00+00:00,storage_percent,7.125386221216592,7.125386221216594,7.125386221216594
2026-02-18 21:53:00+00:00,storage_percent,7.1253913016698,7.125392328023983,7.125386221216594
2026-02-18 22:53:00+00:00,storage_percent,7.125392328023979,7.125392328023983,7.125392328023983
2026-02-18 23:53:00+00:00,storage_percent,7.125392328023979,7.125392328023983,7.125392328023983
2026-02-19 00:53:00+00:00,storage_percent,7.125392328023979,7.125392328023983,7.125392328023983
2026-02-19 01:53:00+00:00,storage_percent,7.125397417030138,7.125398434831373,7.125392328023983
2026-02-19 02:53:00+00:00,storage_percent,7.125398434831371,7.125398434831373,7.125398434831373
2026-02-19 03:53:00+00:00,storage_percent,7.125398434831371,7.125398434831373,7.125398434831373
2026-02-19 04:53:00+00:00,storage_percent,7.125398434831371,7.125398434831373,7.125398434831373
2026-02-19 05:53:00+00:00,storage_percent,7.125403523837529,7.125404541638762,7.125398434831373
2026-02-19 06:53:00+00:00,storage_percent,7.125404541638761,7.125404541638762,7.125404541638762
2026-02-19 07:53:00+00:00,storage_percent,7.125404541638761,7.125404541638762,7.125404541638762
2026-02-19 08:53:00+00:00,storage_percent,7.125404541638761,7.125404541638762,7.125404541638762
2026-02-19 09:53:00+00:00,storage_percent,7.125409630644918,7.125410648446152,7.125404541638762
2026-02-19 10:53:00+00:00,storage_percent,7.125411007670112,7.125428968868321,7.125410648446152
2026-02-19 11:53:00+00:00,storage_percent,7.125410648446148,7.125410648446152,7.125410648446152
2026-02-19 12:53:00+00:00,storage_percent,7.125410648446148,7.125410648446152,7.125410648446152
2026-02-19 13:53:00+00:00,storage_percent,7.125415635672184,7.125416755253541,7.125410648446152
2026-02-19 14:53:00+00:00,storage_percent,7.1254167552535375,7.125416755253541,7.125416755253541
2026-02-19 15:53:00+00:00,storage_percent,7.1254167552535375,7.125416755253541,7.125416755253541
2026-02-19 16:53:00+00:00,storage_percent,7.1254167552535375,7.125416755253541,7.125416755253541
2026-02-19 17:53:00+00:00,storage_percent,7.125421742479587,7.125422862060932,7.125416755253541
2026-02-19 18:53:00+00:00,storage_percent,7.125422862060943,7.125422862060932,7.125422862060932
2026-02-19 19:53:00+00:00,storage_percent,7.125422862060943,7.125422862060932,7.125422862060932
2026-02-19 20:53:00+00:00,storage_percent,7.125422862060943,7.125422862060932,7.125422862060932
2026-02-19 21:53:00+00:00,storage_percent,7.125427900177025,7.125428968868321,7.125422862060932
2026-02-19 22:53:00+00:00,storage_percent,7.125428968868318,7.125428968868321,7.125428968868321
2026-02-19 23:53:00+00:00,storage_percent,7.125428968868317,7.125428968868321,7.125428968868321
2026-02-20 00:53:00+00:00,storage_percent,7.125428968868317,7.125428968868321,7.125428968868321
2026-02-20 01:53:00+00:00,storage_percent,7.125438943320401,7.1254411824831,7.125428968868321
2026-02-20 02:53:00+00:00,storage_percent,7.125441182483112,7.1254411824831,7.1254411824831
2026-02-20 03:53:00+00:00,storage_percent,7.125441182483112,7.1254411824831,7.1254411824831
2026-02-20 04:53:00+00:00,storage_percent,7.125441182483112,7.1254411824831,7.1254411824831
2026-02-20 05:53:00+00:00,storage_percent,7.125446169709131,7.125447289290489,7.1254411824831
2026-02-20 06:53:00+00:00,storage_percent,7.125447289290485,7.125447289290489,7.125447289290489
2026-02-20 07:53:00+00:00,storage_percent,7.125447289290485,7.125447289290489,7.125447289290489
2026-02-20 08:53:00+00:00,storage_percent,7.125447289290485,7.125447289290489,7.125447289290489
2026-02-20 09:53:00+00:00,storage_percent,7.125452276516521,7.125453396097878,7.125447289290489
2026-02-20 10:53:00+00:00,storage_percent,7.125453601368712,7.125471716520048,7.125453396097878
2026-02-20 11:53:00+00:00,storage_percent,7.125453396097874,7.125453396097878,7.125453396097878
2026-02-20 12:53:00+00:00,storage_percent,7.125453396097874,7.125453396097878,7.125453396097878
2026-02-20 13:53:00+00:00,storage_percent,7.1254582815437875,7.125459502905268,7.125453396097878
2026-02-20 14:53:00+00:00,storage_percent,7.125459502905267,7.125459502905268,7.125459502905268
2026-02-20 15:53:00+00:00,storage_percent,7.125459502905267,7.125459502905268,7.125459502905268
2026-02-20 16:53:00+00:00,storage_percent,7.125459502905267,7.125459502905268,7.125459502905268
2026-02-20 17:53:00+00:00,storage_percent,7.125464388351175,7.125465609712657,7.125459502905268
2026-02-20 18:53:00+00:00,storage_percent,7.125465609712653,7.125465609712657,7.125465609712657
2026-02-20 19:53:00+00:00,storage_percent,7.125465609712653,7.125465609712657,7.125465609712657
2026-02-20 20:53:00+00:00,storage_percent,7.125465609712653,7.125465609712657,7.125465609712657
2026-02-20 21:53:00+00:00,storage_percent,7.125470536212735,7.125471716520048,7.125465609712657
2026-02-20 22:53:00+00:00,storage_percent,7.125471716520044,7.125471716520048,7.125471716520048
2026-02-20 23:53:00+00:00,storage_percent,7.125471716520044,7.125471716520048,7.125471716520048
2026-02-21 00:53:00+00:00,storage_percent,7.125471716520044,7.125471716520048,7.125471716520048
2026-02-21 01:53:00+00:00,storage_percent,7.125476601965957,7.1254778233274365,7.125471716520048
2026-02-21 02:53:00+00:00,storage_percent,7.125477823327435,7.1254778233274365,7.1254778233274365
2026-02-21 03:53:00+00:00,storage_percent,7.125477823327435,7.1254778233274365,7.1254778233274365
2026-02-21 04:53:00+00:00,storage_percent,7.125477823327435,7.1254778233274365,7.1254778233274365
2026-02-21 05:53:00+00:00,storage_percent,7.125482708773344,7.125483930134825,7.1254778233274365
2026-02-21 06:53:00+00:00,storage_percent,7.125483930134822,7.125483930134825,7.125483930134825
2026-02-21 07:53:00+00:00,storage_percent,7.125483930134822,7.125483930134825,7.125483930134825
2026-02-21 08:53:00+00:00,storage_percent,7.125483930134823,7.125483930134825,7.125483930134825
2026-02-21 09:53:00+00:00,storage_percent,7.125488815580733,7.125490036942216,7.125483930134825
2026-02-21 10:53:00+00:00,storage_percent,7.125490367727613,7.125508357364383,7.125490036942216
2026-02-21 11:53:00+00:00,storage_percent,7.125490036942213,7.125490036942216,7.125490036942216
2026-02-21 12:53:00+00:00,storage_percent,7.125490036942213,7.125490036942216,7.125490036942216
2026-02-21 13:53:00+00:00,storage_percent,7.125494820608002,7.125496143749604,7.125490036942216
2026-02-21 14:53:00+00:00,storage_percent,7.125496143749603,7.125496143749604,7.125496143749604
2026-02-21 15:53:00+00:00,storage_percent,7.125496143749603,7.125496143749604,7.125496143749604
2026-02-21 16:53:00+00:00,storage_percent,7.125496143749603,7.125496143749604,7.125496143749604
2026-02-21 17:53:00+00:00,storage_percent,7.125500967614264,7.125502250556995,7.125496143749604
2026-02-21 18:53:00+00:00,storage_percent,7.12550225055699,7.125502250556995,7.125502250556995
2026-02-21 19:53:00+00:00,storage_percent,7.12550225055699,7.125502250556995,7.125502250556995
2026-02-21 20:53:00+00:00,storage_percent,7.12550225055699,7.125502250556995,7.125502250556995
2026-02-21 21:53:00+00:00,storage_percent,7.125508052024015,7.125514464171773,7.125502250556995
2026-02-21 22:53:00+00:00,storage_percent,7.125514464171772,7.125514464171773,7.125514464171773
2026-02-21 23:53:00+00:00,storage_percent,7.125514464171772,7.125514464171773,7.125514464171773
2026-02-22 00:53:00+00:00,storage_percent,7.125514464171772,7.125514464171773,7.125514464171773
2026-02-22 01:53:00+00:00,storage_percent,7.125519247837559,7.125520570979163,7.125514464171773
2026-02-22 02:53:00+00:00,storage_percent,7.125520570979159,7.125520570979163,7.125520570979163
2026-02-22 03:53:00+00:00,storage_percent,7.125520570979159,7.125520570979163,7.125520570979163
2026-02-22 04:53:00+00:00,storage_percent,7.12552057097916,7.125520570979163,7.125520570979163
2026-02-22 05:53:00+00:00,storage_percent,7.125525354644949,7.125526677786552,7.125520570979163
2026-02-22 06:53:00+00:00,storage_percent,7.1255266777865485,7.125526677786552,7.125526677786552
2026-02-22 07:53:00+00:00,storage_percent,7.1255266777865485,7.125526677786552,7.125526677786552
2026-02-22 08:53:00+00:00,storage_percent,7.1255266777865485,7.125526677786552,7.125526677786552
2026-02-22 09:53:00+00:00,storage_percent,7.125531461452352,7.1255327845939425,7.125526677786552
2026-02-22 10:53:00+00:00,storage_percent,7.1255329881542,7.12555110501611,7.1255327845939425
2026-02-22 11:53:00+00:00,storage_percent,7.125532784593954,7.1255327845939425,7.1255327845939425
2026-02-22 12:53:00+00:00,storage_percent,7.125532784593954,7.1255327845939425,7.1255327845939425
2026-02-22 13:53:00+00:00,storage_percent,7.125537517369666,7.125538891401331,7.1255327845939425
2026-02-22 14:53:00+00:00,storage_percent,7.1255388914013285,7.125538891401331,7.125538891401331
2026-02-22 15:53:00+00:00,storage_percent,7.125538891401328,7.125538891401331,7.125538891401331
2026-02-22 16:53:00+00:00,storage_percent,7.125538891401328,7.125538891401331,7.125538891401331
2026-02-22 17:53:00+00:00,storage_percent,7.125396093888545,7.125538891401331,7.125352633775951
2026-02-22 18:53:00+00:00,storage_percent,7.1253526337759565,7.125352633775951,7.125352633775951
2026-02-22 19:53:00+00:00,storage_percent,7.1253526337759565,7.125352633775951,7.125352633775951
2026-02-22 20:53:00+00:00,storage_percent,7.1253526337759565,7.125352633775951,7.125352633775951
2026-02-22 21:53:00+00:00,storage_percent,7.125357366551668,7.125358740583341,7.125352633775951
2026-02-22 22:53:00+00:00,storage_percent,7.125358740583332,7.125358740583341,7.125358740583341
2026-02-22 23:53:00+00:00,storage_percent,7.125358740583331,7.125358740583341,7.125358740583341
2026-02-23 00:53:00+00:00,storage_percent,7.125358740583332,7.125358740583341,7.125358740583341
2026-02-23 01:53:00+00:00,storage_percent,7.125363422469011,7.12536484739073,7.125358740583341
2026-02-23 02:53:00+00:00,storage_percent,7.125364847390736,7.12536484739073,7.12536484739073
2026-02-23 03:53:00+00:00,storage_percent,7.125364847390736,7.12536484739073,7.12536484739073
2026-02-23 04:53:00+00:00,storage_percent,7.125386475666891,7.125395381427678,7.12536484739073
2026-02-23 05:53:00+00:00,storage_percent,7.125400063313348,7.125401488235068,7.125395381427678
2026-02-23 06:53:00+00:00,storage_percent,7.125401488235072,7.125401488235068,7.125401488235068
2026-02-23 07:53:00+00:00,storage_percent,7.125401488235072,7.125401488235068,7.125401488235068
2026-02-23 08:53:00+00:00,storage_percent,7.125397824150635,7.125401488235068,7.125377061005509
2026-02-23 09:53:00+00:00,storage_percent,7.125384117190516,7.125386221216594,7.125377061005509
2026-02-23 10:53:00+00:00,storage_percent,7.125386577447022,7.125404541638762,7.125386221216594
2026-02-23 11:53:00+00:00,storage_percent,7.125386221216592,7.125386221216594,7.125386221216594
2026-02-23 12:53:00+00:00,storage_percent,7.125386221216592,7.125386221216594,7.125386221216594
2026-02-23 13:53:00+00:00,storage_percent,7.125390852212194,7.125392328023983,7.125386221216594
2026-02-23 14:53:00+00:00,storage_percent,7.125392328023979,7.125392328023983,7.125392328023983
2026-02-23 15:53:00+00:00,storage_percent,7.125392328023979,7.125392328023983,7.125392328023983
2026-02-23 16:53:00+00:00,storage_percent,7.125392328023979,7.125392328023983,7.125392328023983
2026-02-23 17:53:00+00:00,storage_percent,7.125396959019583,7.125398434831373,7.125392328023983
2026-02-23 18:53:00+00:00,storage_percent,7.1253984348313715,7.125398434831373,7.125398434831373
2026-02-23 19:53:00+00:00,storage_percent,7.125398434831371,7.125398434831373,7.125398434831373
2026-02-23 20:53:00+00:00,storage_percent,7.125398434831371,7.125398434831373,7.125398434831373
2026-02-23 21:53:00+00:00,storage_percent,7.125403065826975,7.125404541638762,7.125398434831373
2026-02-23 22:53:00+00:00,storage_percent,7.125404541638761,7.125404541638762,7.125404541638762
2026-02-23 23:53:00+00:00,storage_percent,7.125404541638761,7.125404541638762,7.125404541638762
2026-02-24 00:53:00+00:00,storage_percent,7.125409019964171,7.125428968868321,7.125404541638762
2026-02-24 01:53:00+00:00,storage_percent,7.12543359986392,7.12543507567571,7.125428968868321
2026-02-24 02:53:00+00:00,storage_percent,7.125435075675706,7.12543507567571,7.12543507567571
2026-02-24 03:53:00+00:00,storage_percent,7.125435075675706,7.12543507567571,7.12543507567571
2026-02-24 04:53:00+00:00,storage_percent,7.125435075675706,7.12543507567571,7.12543507567571
2026-02-24 05:53:00+00:00,storage_percent,7.125439694269543,7.1254411824831,7.12543507567571
2026-02-24 06:53:00+00:00,storage_percent,7.125441182483112,7.1254411824831,7.1254411824831
2026-02-24 07:53:00+00:00,storage_percent,7.125441182483112,7.1254411824831,7.1254411824831
2026-02-24 08:53:00+00:00,storage_percent,7.125441182483112,7.1254411824831,7.1254411824831
2026-02-24 09:53:00+00:00,storage_percent,7.1254458134786995,7.125447289290489,7.1254411824831
2026-02-24 10:53:00+00:00,storage_percent,7.125447518295763,7.125465609712657,7.125447289290489
2026-02-24 11:53:00+00:00,storage_percent,7.125447289290485,7.125447289290489,7.125447289290489
2026-02-24 12:53:00+00:00,storage_percent,7.125447289290485,7.125447289290489,7.125447289290489
2026-02-24 13:53:00+00:00,storage_percent,7.125451869396029,7.125453396097878,7.125447289290489
2026-02-24 14:53:00+00:00,storage_percent,7.125453396097874,7.125453396097878,7.125453396097878
2026-02-24 15:53:00+00:00,storage_percent,7.125453396097874,7.125453396097878,7.125453396097878
2026-02-24 16:53:00+00:00,storage_percent,7.125453396097874,7.125453396097878,7.125453396097878
2026-02-24 17:53:00+00:00,storage_percent,7.125457925313356,7.125459502905268,7.125453396097878
2026-02-24 18:53:00+00:00,storage_percent,7.125459502905267,7.125459502905268,7.125459502905268
2026-02-24 19:53:00+00:00,storage_percent,7.125459502905267,7.125459502905268,7.125459502905268
2026-02-24 20:53:00+00:00,storage_percent,7.125459502905267,7.125459502905268,7.125459502905268
2026-02-24 21:53:00+00:00,storage_percent,7.125464032120744,7.125465609712657,7.125459502905268
2026-02-24 22:53:00+00:00,storage_percent,7.125465609712653,7.125465609712657,7.125465609712657
2026-02-24 23:53:00+00:00,storage_percent,7.125465609712653,7.125465609712657,7.125465609712657
2026-02-25 00:53:00+00:00,storage_percent,7.125465609712655,7.125465609712657,7.125465609712657
2026-02-25 01:53:00+00:00,storage_percent,7.125470138928135,7.125471716520048,7.125465609712657
2026-02-25 02:53:00+00:00,storage_percent,7.125471716520044,7.125471716520048,7.125471716520048
2026-02-25 03:53:00+00:00,storage_percent,7.125471716520044,7.125471716520048,7.125471716520048
2026-02-25 04:53:00+00:00,storage_percent,7.125471716520044,7.125471716520048,7.125471716520048
2026-02-25 05:53:00+00:00,storage_percent,7.125476245735526,7.1254778233274365,7.125471716520048
2026-02-25 06:53:00+00:00,storage_percent,7.125477823327435,7.1254778233274365,7.1254778233274365
2026-02-25 07:53:00+00:00,storage_percent,7.125477823327435,7.1254778233274365,7.1254778233274365
2026-02-25 08:53:00+00:00,storage_percent,7.125478637568419,7.125490036942216,7.1254778233274365
2026-02-25 09:53:00+00:00,storage_percent,7.125499095373173,7.125502250556995,7.125490036942216
2026-02-25 10:53:00+00:00,storage_percent,7.125502738075228,7.125520570979163,7.125502250556995
2026-02-25 11:53:00+00:00,storage_percent,7.12550225055699,7.125502250556995,7.125502250556995
2026-02-25 12:53:00+00:00,storage_percent,7.12550225055699,7.125502250556995,7.125502250556995
2026-02-25 13:53:00+00:00,storage_percent,7.125506677992348,7.125508357364383,7.125502250556995
2026-02-25 14:53:00+00:00,storage_percent,7.12556891653766,7.125569425438279,7.125508357364383
2026-02-25 15:53:00+00:00,storage_percent,7.125569425438277,7.125569425438279,7.125569425438279
2026-02-25 16:53:00+00:00,storage_percent,7.125569450883307,7.125572478841974,7.125569425438279
2026-02-25 17:53:00+00:00,storage_percent,7.125573903763693,7.1255755322456675,7.125569425438279
2026-02-25 18:53:00+00:00,storage_percent,7.125575532245664,7.1255755322456675,7.1255755322456675
2026-02-25 19:53:00+00:00,storage_percent,7.125575532245664,7.1255755322456675,7.1255755322456675
2026-02-25 20:53:00+00:00,storage_percent,7.125575532245665,7.1255755322456675,7.1255755322456675
2026-02-25 21:53:00+00:00,storage_percent,7.125579959681022,7.125581639053058,7.1255755322456675
2026-02-25 22:53:00+00:00,storage_percent,7.125581639053055,7.125581639053058,7.125581639053058
2026-02-25 23:53:00+00:00,storage_percent,7.125581639053055,7.125581639053058,7.125581639053058
2026-02-26 00:53:00+00:00,storage_percent,7.125581639053055,7.125581639053058,7.125581639053058
2026-02-26 01:53:00+00:00,storage_percent,7.125586066488413,7.125587745860447,7.125581639053058
2026-02-26 02:53:00+00:00,storage_percent,7.125587745860446,7.125587745860447,7.125587745860447
2026-02-26 03:53:00+00:00,storage_percent,7.125587745860446,7.125587745860447,7.125587745860447
2026-02-26 04:53:00+00:00,storage_percent,7.125587745860446,7.125587745860447,7.125587745860447
2026-02-26 05:53:00+00:00,storage_percent,7.125592224185862,7.125593852667837,7.125587745860447
2026-02-26 06:53:00+00:00,storage_percent,7.1255938526678335,7.125593852667837,7.125593852667837
2026-02-26 07:53:00+00:00,storage_percent,7.125593852667833,7.125593852667837,7.125593852667837
2026-02-26 08:53:00+00:00,storage_percent,7.125593852667833,7.125593852667837,7.125593852667837
2026-02-26 09:53:00+00:00,storage_percent,7.1255982801031905,7.125599959475226,7.125593852667837
2026-02-26 10:53:00+00:00,storage_percent,7.125600315705654,7.125618279897394,7.125599959475226
2026-02-26 11:53:00+00:00,storage_percent,7.125599959475222,7.125599959475226,7.125599959475226
2026-02-26 12:53:00+00:00,storage_percent,7.125599959475222,7.125599959475226,7.125599959475226
2026-02-26 13:53:00+00:00,storage_percent,7.12560433602052,7.125606066282615,7.125599959475226
2026-02-26 14:53:00+00:00,storage_percent,7.1256060662826135,7.125606066282615,7.125606066282615
2026-02-26 15:53:00+00:00,storage_percent,7.125606066282614,7.125606066282615,7.125606066282615
2026-02-26 16:53:00+00:00,storage_percent,7.125606066282614,7.125606066282615,7.125606066282615
2026-02-26 17:53:00+00:00,storage_percent,7.125610391937846,7.125612173090006,7.125606066282615
2026-02-26 18:53:00+00:00,storage_percent,7.125612173090001,7.125612173090006,7.125612173090006
2026-02-26 19:53:00+00:00,storage_percent,7.125612173090001,7.125612173090006,7.125612173090006
2026-02-26 20:53:00+00:00,storage_percent,7.125612173090001,7.125612173090006,7.125612173090006
2026-02-26 21:53:00+00:00,storage_percent,7.125684844097936,7.126564835042766,7.125612173090006
2026-02-26 22:53:00+00:00,storage_percent,7.126589262272328,7.126610636098189,7.126564835042766
2026-02-26 23:53:00+00:00,storage_percent,7.126610636098191,7.126610636098189,7.126610636098189
2026-02-27 00:53:00+00:00,storage_percent,7.126610636098193,7.126610636098189,7.126610636098189
2026-02-27 01:53:00+00:00,storage_percent,7.126615979554658,7.126616742905577,7.126610636098189
2026-02-27 02:53:00+00:00,storage_percent,7.126616742905583,7.126616742905577,7.126616742905577
2026-02-27 03:53:00+00:00,storage_percent,7.126616742905583,7.126616742905577,7.126616742905577
2026-02-27 04:53:00+00:00,storage_percent,7.126616742905583,7.126616742905577,7.126616742905577
2026-02-27 05:53:00+00:00,storage_percent,7.1266220863620315,7.126622849712966,7.126616742905577
2026-02-27 06:53:00+00:00,storage_percent,7.126622849712956,7.126622849712966,7.126622849712966
2026-02-27 07:53:00+00:00,storage_percent,7.126622849712956,7.126622849712966,7.126622849712966
2026-02-27 08:53:00+00:00,storage_percent,7.126622849712956,7.126622849712966,7.126622849712966
2026-02-27 09:53:00+00:00,storage_percent,7.126628244059499,7.126628956520356,7.126622849712966
2026-02-27 10:53:00+00:00,storage_percent,7.12747007943227,7.139154018476208,7.126628956520356
2026-02-27 11:53:00+00:00,storage_percent,7.139135698054036,7.139135698054039,7.139135698054039
2026-02-27 12:53:00+00:00,storage_percent,7.139135698054036,7.139135698054039,7.139135698054039
2026-02-27 13:53:00+00:00,storage_percent,7.13914022726952,7.139141804861428,7.139135698054039
2026-02-27 14:53:00+00:00,storage_percent,7.139141804861428,7.139141804861428,7.139141804861428
2026-02-27 15:53:00+00:00,storage_percent,7.139151321302944,7.139160125283596,7.139141804861428
2026-02-27 16:53:00+00:00,storage_percent,7.139160125283596,7.139160125283596,7.139160125283596
2026-02-27 17:53:00+00:00,storage_percent,7.139164654499079,7.139166232090986,7.139160125283596
2026-02-27 18:53:00+00:00,storage_percent,7.1391662320909886,7.139166232090986,7.139166232090986
2026-02-27 19:53:00+00:00,storage_percent,7.1391662320909886,7.139166232090986,7.139166232090986
2026-02-27 20:53:00+00:00,storage_percent,7.1391662320909886,7.139166232090986,7.139166232090986
2026-02-27 21:53:00+00:00,storage_percent,7.139180659423445,7.139230353568575,7.1390746299801435
2026-02-27 22:53:00+00:00,storage_percent,7.1392303535685695,7.139230353568575,7.139230353568575
2026-02-27 23:53:00+00:00,storage_percent,7.1392303535685695,7.139230353568575,7.139230353568575
2026-02-28 00:53:00+00:00,storage_percent,7.1392303535685695,7.139230353568575,7.139230353568575
2026-02-28 01:53:00+00:00,storage_percent,7.139063943067206,7.139230353568575,7.13904714934689
2026-02-28 02:53:00+00:00,storage_percent,7.139047149346885,7.13904714934689,7.13904714934689
2026-02-28 03:53:00+00:00,storage_percent,7.139047149346885,7.13904714934689,7.13904714934689
2026-02-28 04:53:00+00:00,storage_percent,7.139047149346885,7.13904714934689,7.13904714934689
2026-02-28 05:53:00+00:00,storage_percent,7.1390526916594865,7.1390532561542805,7.13904714934689
2026-02-28 06:53:00+00:00,storage_percent,7.139053256154287,7.1390532561542805,7.1390532561542805
2026-02-28 07:53:00+00:00,storage_percent,7.139053256154287,7.1390532561542805,7.1390532561542805
2026-02-28 08:53:00+00:00,storage_percent,7.139053256154287,7.1390532561542805,7.1390532561542805
2026-02-28 09:53:00+00:00,storage_percent,7.139058752280922,7.139059362961669,7.1390532561542805
2026-02-28 10:53:00+00:00,storage_percent,7.139059693747061,7.139077683383838,7.139059362961669
2026-02-28 11:53:00+00:00,storage_percent,7.139059362961661,7.139059362961669,7.139059362961669
2026-02-28 12:53:00+00:00,storage_percent,7.139059362961661,7.139059362961669,7.139059362961669
2026-02-28 13:53:00+00:00,storage_percent,7.139064802638836,7.13906546976906,7.139059362961669
2026-02-28 14:53:00+00:00,storage_percent,7.139065469769053,7.13906546976906,7.13906546976906
2026-02-28 15:53:00+00:00,storage_percent,7.139065469769053,7.13906546976906,7.13906546976906
2026-02-28 16:53:00+00:00,storage_percent,7.139065469769053,7.13906546976906,7.13906546976906
2026-02-28 17:53:00+00:00,storage_percent,7.139073637623945,7.1390746299801435,7.13906546976906
2026-02-28 18:53:00+00:00,storage_percent,7.139074629980146,7.1390746299801435,7.1390746299801435
2026-02-28 19:53:00+00:00,storage_percent,7.139074629980146,7.1390746299801435,7.1390746299801435
2026-02-28 20:53:00+00:00,storage_percent,7.139074629980146,7.1390746299801435,7.1390746299801435
2026-02-28 21:53:00+00:00,storage_percent,7.1390800752167305,7.139080736787533,7.1390746299801435
2026-02-28 22:53:00+00:00,storage_percent,7.139080736787531,7.139080736787533,7.139080736787533
2026-02-28 23:53:00+00:00,storage_percent,7.1390807367875295,7.139080736787533,7.139080736787533
2026-03-01 00:53:00+00:00,storage_percent,7.139080736787531,7.139080736787533,7.139080736787533
2026-03-01 01:53:00+00:00,storage_percent,7.139086131134061,7.139086843594922,7.139080736787533
2026-03-01 02:53:00+00:00,storage_percent,7.139086843594923,7.139086843594922,7.139086843594922
2026-03-01 03:53:00+00:00,storage_percent,7.139086843594923,7.139086843594922,7.139086843594922
2026-03-01 04:53:00+00:00,storage_percent,7.139086843594923,7.139086843594922,7.139086843594922
2026-03-01 05:53:00+00:00,storage_percent,7.139092288831515,7.139092950402312,7.139086843594922
2026-03-01 06:53:00+00:00,storage_percent,7.139092950402315,7.139092950402312,7.139092950402312
2026-03-01 07:53:00+00:00,storage_percent,7.139092950402315,7.139092950402312,7.139092950402312
2026-03-01 08:53:00+00:00,storage_percent,7.139092950402317,7.139092950402312,7.139092950402312
2026-03-01 09:53:00+00:00,storage_percent,7.139098344748837,7.139099057209701,7.139092950402312
2026-03-01 10:53:00+00:00,storage_percent,7.139099413440133,7.1391173776318695,7.139099057209701
2026-03-01 11:53:00+00:00,storage_percent,7.1390990572097,7.139099057209701,7.139099057209701
2026-03-01 12:53:00+00:00,storage_percent,7.1390990572097,7.139099057209701,7.139099057209701
2026-03-01 13:53:00+00:00,storage_percent,7.139104400666168,7.139105164017092,7.139099057209701
2026-03-01 14:53:00+00:00,storage_percent,7.139105164017092,7.139105164017092,7.139105164017092
2026-03-01 15:53:00+00:00,storage_percent,7.139105164017092,7.139105164017092,7.139105164017092
2026-03-01 16:53:00+00:00,storage_percent,7.139105164017092,7.139105164017092,7.139105164017092
2026-03-01 17:53:00+00:00,storage_percent,7.13911050747356,7.139111270824481,7.139105164017092
2026-03-01 18:53:00+00:00,storage_percent,7.1391112708244835,7.139111270824481,7.139111270824481
2026-03-01 19:53:00+00:00,storage_percent,7.1391112708244835,7.139111270824481,7.139111270824481
2026-03-01 20:53:00+00:00,storage_percent,7.1391112708244835,7.139111270824481,7.139111270824481
2026-03-01 21:53:00+00:00,storage_percent,7.139116614280945,7.1391173776318695,7.139111270824481
2026-03-01 22:53:00+00:00,storage_percent,7.139117377631868,7.1391173776318695,7.1391173776318695
2026-03-01 23:53:00+00:00,storage_percent,7.139117377631868,7.1391173776318695,7.1391173776318695
2026-03-02 00:53:00+00:00,storage_percent,7.139117377631868,7.1391173776318695,7.1391173776318695
2026-03-02 01:53:00+00:00,storage_percent,7.139122721088337,7.13912348443926,7.1391173776318695
2026-03-02 02:53:00+00:00,storage_percent,7.139123484439261,7.13912348443926,7.13912348443926
2026-03-02 03:53:00+00:00,storage_percent,7.139123484439261,7.13912348443926,7.13912348443926
2026-03-02 04:53:00+00:00,storage_percent,7.139123484439261,7.13912348443926,7.13912348443926
2026-03-02 05:53:00+00:00,storage_percent,7.139128777005666,7.139129591246649,7.13912348443926
2026-03-02 06:53:00+00:00,storage_percent,7.139129591246652,7.139129591246649,7.139129591246649
2026-03-02 07:53:00+00:00,storage_percent,7.139129591246652,7.139129591246649,7.139129591246649
2026-03-02 08:53:00+00:00,storage_percent,7.139129591246652,7.139129591246649,7.139129591246649
2026-03-02 09:53:00+00:00,storage_percent,7.1391349347031134,7.139135698054039,7.139129591246649
2026-03-02 10:53:00+00:00,storage_percent,7.139135901614284,7.139154018476208,7.139135698054039
2026-03-02 11:53:00+00:00,storage_percent,7.139135698054036,7.139135698054039,7.139135698054039
2026-03-02 12:53:00+00:00,storage_percent,7.139135698054036,7.139135698054039,7.139135698054039
2026-03-02 13:53:00+00:00,storage_percent,7.1391409837780815,7.139141804861428,7.139135698054039
2026-03-02 14:53:00+00:00,storage_percent,7.139141804861428,7.139141804861428,7.139141804861428
2026-03-02 15:53:00+00:00,storage_percent,7.139141804861428,7.139141804861428,7.139141804861428
2026-03-02 16:53:00+00:00,storage_percent,7.139141804861428,7.139141804861428,7.139141804861428
2026-03-02 17:53:00+00:00,storage_percent,7.139152288214111,7.139154018476208,7.139141804861428
2026-03-02 18:53:00+00:00,storage_percent,7.1391680641332025,7.139178445705764,7.139154018476208
2026-03-02 19:53:00+00:00,storage_percent,7.139178445705765,7.139178445705764,7.139178445705764
2026-03-02 20:53:00+00:00,storage_percent,7.139202872935326,7.139202872935323,7.139202872935323
2026-03-02 21:53:00+00:00,storage_percent,7.139208165501725,7.139208979742712,7.139202872935323
2026-03-02 22:53:00+00:00,storage_percent,7.139208979742707,7.139208979742712,7.139208979742712
2026-03-02 23:53:00+00:00,storage_percent,7.13920897974271,7.139208979742712,7.139208979742712
2026-03-03 00:53:00+00:00,storage_percent,7.13920897974271,7.139208979742712,7.139208979742712
2026-03-03 01:53:00+00:00,storage_percent,7.1392142214190555,7.139215086550102,7.139208979742712
2026-03-03 02:53:00+00:00,storage_percent,7.139215086550103,7.139215086550102,7.139215086550102
2026-03-03 03:53:00+00:00,storage_percent,7.139215086550103,7.139215086550102,7.139215086550102
2026-03-03 04:53:00+00:00,storage_percent,7.139215086550103,7.139215086550102,7.139215086550102
2026-03-03 05:53:00+00:00,storage_percent,7.139220328226448,7.139221193357491,7.139215086550102
2026-03-03 06:53:00+00:00,storage_percent,7.1392211933574945,7.139221193357491,7.139221193357491
2026-03-03 07:53:00+00:00,storage_percent,7.1392211933574945,7.139221193357491,7.139221193357491
2026-03-03 08:53:00+00:00,storage_percent,7.1392211933574945,7.139221193357491,7.139221193357491
2026-03-03 09:53:00+00:00,storage_percent,7.139226435033833,7.139227300164881,7.139221193357491
2026-03-03 10:53:00+00:00,storage_percent,7.139227351054941,7.139230353568575,7.139227300164881
2026-03-03 11:53:00+00:00,storage_percent,7.139227605505249,7.13924562058705,7.139227300164881
2026-03-03 12:53:00+00:00,storage_percent,7.139227300164879,7.139227300164881,7.139227300164881
2026-03-03 13:53:00+00:00,storage_percent,7.139232490951162,7.13923340697227,7.139227300164881
2026-03-03 14:53:00+00:00,storage_percent,7.13923340697227,7.13923340697227,7.13923340697227
2026-03-03 15:53:00+00:00,storage_percent,7.139233406972268,7.13923340697227,7.13923340697227
2026-03-03 16:53:00+00:00,storage_percent,7.13923340697227,7.13923340697227,7.13923340697227
2026-03-03 17:53:00+00:00,storage_percent,7.139238546868493,7.139239513779659,7.13923340697227
2026-03-03 18:53:00+00:00,storage_percent,7.139239513779662,7.139239513779659,7.139239513779659
2026-03-03 19:53:00+00:00,storage_percent,7.139239513779662,7.139239513779659,7.139239513779659
2026-03-03 20:53:00+00:00,storage_percent,7.139239513779662,7.139239513779659,7.139239513779659
2026-03-03 21:53:00+00:00,storage_percent,7.139244653675878,7.13924562058705,7.139239513779659
2026-03-03 22:53:00+00:00,storage_percent,7.139245620587047,7.13924562058705,7.13924562058705
2026-03-03 23:53:00+00:00,storage_percent,7.139245620587047,7.13924562058705,7.13924562058705
2026-03-04 00:53:00+00:00,storage_percent,7.139245620587047,7.13924562058705,7.13924562058705
2026-03-04 01:53:00+00:00,storage_percent,7.139250803675675,7.139251727394439,7.13924562058705
2026-03-04 02:53:00+00:00,storage_percent,7.139251727394439,7.139251727394439,7.139251727394439
2026-03-04 03:53:00+00:00,storage_percent,7.139251727394439,7.139251727394439,7.139251727394439
2026-03-04 04:53:00+00:00,storage_percent,7.139251727394439,7.139251727394439,7.139251727394439
2026-03-04 05:53:00+00:00,storage_percent,7.139256867290661,7.139257834201828,7.139251727394439
2026-03-04 06:53:00+00:00,storage_percent,7.139257834201831,7.139257834201828,7.139257834201828
2026-03-04 07:53:00+00:00,storage_percent,7.139257834201831,7.139257834201828,7.139257834201828
2026-03-04 08:53:00+00:00,storage_percent,7.139257834201831,7.139257834201828,7.139257834201828
2026-03-04 09:53:00+00:00,storage_percent,7.139263017290452,7.139263941009218,7.139257834201828
2026-03-04 10:53:00+00:00,storage_percent,7.139263941009216,7.139263941009218,7.139263941009218
2026-03-04 11:53:00+00:00,storage_percent,7.139264271794617,7.1392822614313864,7.139263941009218
2026-03-04 12:53:00+00:00,storage_percent,7.139263941009216,7.139263941009218,7.139263941009218
2026-03-04 13:53:00+00:00,storage_percent,7.139269030015376,7.1392700478166065,7.139263941009218
2026-03-04 14:53:00+00:00,storage_percent,7.139270047816607,7.1392700478166065,7.1392700478166065
2026-03-04 15:53:00+00:00,storage_percent,7.139270047816607,7.1392700478166065,7.1392700478166065
2026-03-04 16:53:00+00:00,storage_percent,7.139270047816607,7.1392700478166065,7.1392700478166065
2026-03-04 17:53:00+00:00,storage_percent,7.139275136822769,7.139276154623997,7.1392700478166065
2026-03-04 18:53:00+00:00,storage_percent,7.139276154623998,7.139276154623997,7.139276154623997
2026-03-04 19:53:00+00:00,storage_percent,7.139276154624,7.139276154623997,7.139276154623997
2026-03-04 20:53:00+00:00,storage_percent,7.139276154624,7.139276154623997,7.139276154623997
2026-03-04 21:53:00+00:00,storage_percent,7.13928119274009,7.1392822614313864,7.139276154623997
2026-03-04 22:53:00+00:00,storage_percent,7.139282261431385,7.1392822614313864,7.1392822614313864
2026-03-04 23:53:00+00:00,storage_percent,7.139282261431385,7.1392822614313864,7.1392822614313864
2026-03-05 00:53:00+00:00,storage_percent,7.139282261431385,7.1392822614313864,7.1392822614313864
2026-03-05 01:53:00+00:00,storage_percent,7.139287350437545,7.139288368238777,7.1392822614313864
2026-03-05 02:53:00+00:00,storage_percent,7.139288368238777,7.139288368238777,7.139288368238777
2026-03-05 03:53:00+00:00,storage_percent,7.139288368238777,7.139288368238777,7.139288368238777
2026-03-05 04:53:00+00:00,storage_percent,7.139288368238777,7.139288368238777,7.139288368238777
2026-03-05 05:53:00+00:00,storage_percent,7.139293406354875,7.1392944750461655,7.139288368238777
2026-03-05 06:53:00+00:00,storage_percent,7.139294475046168,7.1392944750461655,7.1392944750461655
2026-03-05 07:53:00+00:00,storage_percent,7.139294475046168,7.1392944750461655,7.1392944750461655
2026-03-05 08:53:00+00:00,storage_percent,7.139294475046168,7.1392944750461655,7.1392944750461655
2026-03-05 09:53:00+00:00,storage_percent,7.139147631773475,7.1392944750461655,7.139108217420785
2026-03-05 10:53:00+00:00,storage_percent,7.13913931124841,7.139141804861428,7.139135698054039
2026-03-05 11:53:00+00:00,storage_percent,7.139141982976643,7.139160125283596,7.139141804861428
2026-03-05 12:53:00+00:00,storage_percent,7.139141804861427,7.139141804861428,7.139141804861428
2026-03-05 13:53:00+00:00,storage_percent,7.139146741197405,7.139147911668816,7.139141804861428
2026-03-05 14:53:00+00:00,storage_percent,7.139159311042607,7.1391723388983745,7.139147911668816
2026-03-05 15:53:00+00:00,storage_percent,7.139172338898374,7.1391723388983745,7.1391723388983745
2026-03-05 16:53:00+00:00,storage_percent,7.139172338898374,7.1391723388983745,7.1391723388983745
2026-03-05 17:53:00+00:00,storage_percent,7.13917732612441,7.139178445705764,7.1391723388983745
2026-03-05 18:53:00+00:00,storage_percent,7.139178445705765,7.139178445705764,7.139178445705764
2026-03-05 19:53:00+00:00,storage_percent,7.139178445705765,7.139178445705764,7.139178445705764
2026-03-05 20:53:00+00:00,storage_percent,7.139178445705765,7.139178445705764,7.139178445705764
2026-03-05 21:53:00+00:00,storage_percent,7.139183423523555,7.1391845525131545,7.139178445705764
2026-03-05 22:53:00+00:00,storage_percent,7.139184552513157,7.1391845525131545,7.1391845525131545
2026-03-05 23:53:00+00:00,storage_percent,7.139184552513157,7.1391845525131545,7.1391845525131545
2026-03-06 00:53:00+00:00,storage_percent,7.139184552513157,7.1391845525131545,7.1391845525131545
2026-03-06 01:53:00+00:00,storage_percent,7.1391920079071705,7.139193712724238,7.1391845525131545
2026-03-06 02:53:00+00:00,storage_percent,7.139193712724233,7.139193712724238,7.139193712724238
2026-03-06 03:53:00+00:00,storage_percent,7.139193712724233,7.139193712724238,7.139193712724238
2026-03-06 04:53:00+00:00,storage_percent,7.139193712724233,7.139193712724238,7.139193712724238
2026-03-06 05:53:00+00:00,storage_percent,7.139198690542032,7.139199819531629,7.139193712724238
2026-03-06 06:53:00+00:00,storage_percent,7.139199819531635,7.139199819531629,7.139199819531629
2026-03-06 07:53:00+00:00,storage_percent,7.139199819531635,7.139199819531629,7.139199819531629
2026-03-06 08:53:00+00:00,storage_percent,7.139199819531635,7.139199819531629,7.139199819531629
2026-03-06 09:53:00+00:00,storage_percent,7.139204806757655,7.1392059263390175,7.139199819531629
2026-03-06 10:53:00+00:00,storage_percent,7.139205926339009,7.1392059263390175,7.1392059263390175
2026-03-06 11:53:00+00:00,storage_percent,7.139206104454224,7.139224246761185,7.1392059263390175
2026-03-06 12:53:00+00:00,storage_percent,7.139205926339009,7.1392059263390175,7.1392059263390175
2026-03-06 13:53:00+00:00,storage_percent,7.139210852839091,7.139212033146407,7.1392059263390175
2026-03-06 14:53:00+00:00,storage_percent,7.139212033146402,7.139212033146407,7.139212033146407
2026-03-06 15:53:00+00:00,storage_percent,7.139212033146402,7.139212033146407,7.139212033146407
2026-03-06 16:53:00+00:00,storage_percent,7.139212033146402,7.139212033146407,7.139212033146407
2026-03-06 17:53:00+00:00,storage_percent,7.139216918592325,7.139218139953798,7.139212033146407
2026-03-06 18:53:00+00:00,storage_percent,7.139218139953803,7.139218139953798,7.139218139953798
2026-03-06 19:53:00+00:00,storage_percent,7.139218139953803,7.139218139953798,7.139218139953798
2026-03-06 20:53:00+00:00,storage_percent,7.139218139953803,7.139218139953798,7.139218139953798
2026-03-06 21:53:00+00:00,storage_percent,7.1392230253997,7.139224246761185,7.139218139953798
2026-03-06 22:53:00+00:00,storage_percent,7.13922552970391,7.139254780798134,7.139224246761185
2026-03-06 23:53:00+00:00,storage_percent,7.13925478079814,7.139254780798134,7.139254780798134
2026-03-07 00:53:00+00:00,storage_percent,7.13925478079814,7.139254780798134,7.139254780798134
2026-03-07 01:53:00+00:00,storage_percent,7.139259666244038,7.139260887605523,7.139254780798134
2026-03-07 02:53:00+00:00,storage_percent,7.139260887605515,7.139260887605523,7.139260887605523
2026-03-07 03:53:00+00:00,storage_percent,7.139260887605515,7.139260887605523,7.139260887605523
2026-03-07 04:53:00+00:00,storage_percent,7.139260887605515,7.139260887605523,7.139260887605523
2026-03-07 05:53:00+00:00,storage_percent,7.139265762787887,7.139266994412912,7.139260887605523
2026-03-07 06:53:00+00:00,storage_percent,7.139266994412907,7.139266994412912,7.139266994412912
2026-03-07 07:53:00+00:00,storage_percent,7.139266994412907,7.139266994412912,7.139266994412912
2026-03-07 08:53:00+00:00,storage_percent,7.139266994412907,7.139266994412912,7.139266994412912
2026-03-07 09:53:00+00:00,storage_percent,7.13927187985883,7.139273101220301,7.139266994412912
2026-03-07 10:53:00+00:00,storage_percent,7.139273101220309,7.139273101220301,7.139273101220301
2026-03-07 11:53:00+00:00,storage_percent,7.139273432005709,7.139291421642471,7.139273101220301
2026-03-07 12:53:00+00:00,storage_percent,7.139273101220309,7.139273101220301,7.139273101220301
2026-03-07 13:53:00+00:00,storage_percent,7.13927792508497,7.139279208027692,7.139273101220301
2026-03-07 14:53:00+00:00,storage_percent,7.139279208027699,7.139279208027692,7.139279208027692
2026-03-07 15:53:00+00:00,storage_percent,7.139279208027699,7.139279208027692,7.139279208027692
2026-03-07 16:53:00+00:00,storage_percent,7.139279208027699,7.139279208027692,7.139279208027692
2026-03-07 17:53:00+00:00,storage_percent,7.139283991693474,7.139285314835081,7.139279208027692
2026-03-07 18:53:00+00:00,storage_percent,7.1392853148350754,7.139285314835081,7.139285314835081
2026-03-07 19:53:00+00:00,storage_percent,7.1392853148350754,7.139285314835081,7.139285314835081
2026-03-07 20:53:00+00:00,storage_percent,7.1392853148350754,7.139285314835081,7.139285314835081
2026-03-07 21:53:00+00:00,storage_percent,7.139290098500876,7.139291421642471,7.139285314835081
2026-03-07 22:53:00+00:00,storage_percent,7.1392914216424765,7.139291421642471,7.139291421642471
2026-03-07 23:53:00+00:00,storage_percent,7.139291421642477,7.139291421642471,7.139291421642471
2026-03-08 00:53:00+00:00,storage_percent,7.139291421642477,7.139291421642471,7.139291421642471
2026-03-08 01:53:00+00:00,storage_percent,7.139300988974043,7.139303635257249,7.139291421642471
2026-03-08 02:53:00+00:00,storage_percent,7.139303635257244,7.139303635257249,7.139303635257249
2026-03-08 03:53:00+00:00,storage_percent,7.139303635257244,7.139303635257249,7.139303635257249
2026-03-08 04:53:00+00:00,storage_percent,7.139303635257244,7.139303635257249,7.139303635257249
2026-03-08 05:53:00+00:00,storage_percent,7.1393084189230445,7.139309742064641,7.139303635257249
2026-03-08 06:53:00+00:00,storage_percent,7.139309742064645,7.139309742064641,7.139309742064641
2026-03-08 07:53:00+00:00,storage_percent,7.139309742064647,7.139309742064641,7.139309742064641
2026-03-08 08:53:00+00:00,storage_percent,7.139309742064645,7.139309742064641,7.139309742064641
2026-03-08 09:53:00+00:00,storage_percent,7.139314525730419,7.139315848872028,7.139309742064641
2026-03-08 10:53:00+00:00,storage_percent,7.13931584887202,7.139315848872028,7.139315848872028
2026-03-08 11:53:00+00:00,storage_percent,7.139316026987235,7.139334169294196,7.139315848872028
2026-03-08 12:53:00+00:00,storage_percent,7.13931584887202,7.139315848872028,7.139315848872028
2026-03-08 13:53:00+00:00,storage_percent,7.139320581647749,7.139321955679417,7.139315848872028
2026-03-08 14:53:00+00:00,storage_percent,7.139321955679412,7.139321955679417,7.139321955679417
2026-03-08 15:53:00+00:00,storage_percent,7.139321955679414,7.139321955679417,7.139321955679417
2026-03-08 16:53:00+00:00,storage_percent,7.139321955679412,7.139321955679417,7.139321955679417
2026-03-08 17:53:00+00:00,storage_percent,7.13932663756509,7.139328062486808,7.139321955679417
2026-03-08 18:53:00+00:00,storage_percent,7.139328062486814,7.139328062486808,7.139328062486808
2026-03-08 19:53:00+00:00,storage_percent,7.139328062486814,7.139328062486808,7.139328062486808
2026-03-08 20:53:00+00:00,storage_percent,7.139328062486814,7.139328062486808,7.139328062486808
2026-03-08 21:53:00+00:00,storage_percent,7.139332744372465,7.139334169294196,7.139328062486808
2026-03-08 22:53:00+00:00,storage_percent,7.139334169294188,7.139334169294196,7.139334169294196
2026-03-08 23:53:00+00:00,storage_percent,7.139234424773497,7.139376916945923,7.138961654043438
2026-03-09 00:53:00+00:00,storage_percent,7.139155660642903,7.139160125283596,7.139154018476208
2026-03-09 01:53:00+00:00,storage_percent,7.139160125283596,7.139160125283596,7.139160125283596
2026-03-09 02:53:00+00:00,storage_percent,7.139160125283596,7.139160125283596,7.139160125283596
2026-03-09 03:53:00+00:00,storage_percent,7.139160125283596,7.139160125283596,7.139160125283596
2026-03-09 04:53:00+00:00,storage_percent,7.139161753765573,7.139166232090986,7.139160125283596
2026-03-09 05:53:00+00:00,storage_percent,7.1391662320909886,7.139166232090986,7.139166232090986
2026-03-09 06:53:00+00:00,storage_percent,7.1391662320909886,7.139166232090986,7.139166232090986
2026-03-09 07:53:00+00:00,storage_percent,7.139166995441912,7.1391967661279345,7.139166232090986
2026-03-09 08:53:00+00:00,storage_percent,7.139283559127958,7.139563174571304,7.13904714934689
2026-03-09 09:53:00+00:00,storage_percent,7.139563174571305,7.139563174571304,7.139563174571304
2026-03-09 10:53:00+00:00,storage_percent,7.139563581691797,7.13958760180086,7.139563174571304
2026-03-09 11:53:00+00:00,storage_percent,7.139587932586264,7.139605922223029,7.13958760180086
2026-03-09 12:53:00+00:00,storage_percent,7.139600222536134,7.139605922223029,7.13958760180086
2026-03-09 13:53:00+00:00,storage_percent,7.139605922223032,7.139605922223029,7.139605922223029
2026-03-09 14:53:00+00:00,storage_percent,7.139605922223032,7.139605922223029,7.139605922223029
2026-03-09 15:53:00+00:00,storage_percent,7.139605922223032,7.139605922223029,7.139605922223029
2026-03-09 16:53:00+00:00,storage_percent,7.139609535417401,7.1396120290304195,7.139605922223029
2026-03-09 17:53:00+00:00,storage_percent,7.139612029030417,7.1396120290304195,7.1396120290304195
2026-03-09 18:53:00+00:00,storage_percent,7.1395987890614645,7.1396120290304195,7.139376916945923
2026-03-09 19:53:00+00:00,storage_percent,7.139605922223032,7.139605922223029,7.139605922223029
2026-03-09 20:53:00+00:00,storage_percent,7.139610502328569,7.1396120290304195,7.139605922223029
2026-03-09 21:53:00+00:00,storage_percent,7.139612029030417,7.1396120290304195,7.1396120290304195
2026-03-09 22:53:00+00:00,storage_percent,7.139612029030417,7.1396120290304195,7.1396120290304195
2026-03-09 23:53:00+00:00,storage_percent,7.139612029030417,7.1396120290304195,7.1396120290304195
2026-03-10 00:53:00+00:00,storage_percent,7.139616609135961,7.139618135837808,7.1396120290304195
2026-03-10 01:53:00+00:00,storage_percent,7.139618135837808,7.139618135837808,7.139618135837808
2026-03-10 02:53:00+00:00,storage_percent,7.139618135837808,7.139618135837808,7.139618135837808
2026-03-10 03:53:00+00:00,storage_percent,7.139618135837808,7.139618135837808,7.139618135837808
2026-03-10 04:53:00+00:00,storage_percent,7.139622715943352,7.139624242645199,7.139618135837808
2026-03-10 05:53:00+00:00,storage_percent,7.1396242426452,7.139624242645199,7.139624242645199
2026-03-10 06:53:00+00:00,storage_percent,7.1396242426452,7.139624242645199,7.139624242645199
2026-03-10 07:53:00+00:00,storage_percent,7.1396242426452,7.139624242645199,7.139624242645199
2026-03-10 08:53:00+00:00,storage_percent,7.139628822750738,7.139630349452587,7.139624242645199
2026-03-10 09:53:00+00:00,storage_percent,7.1396303494525855,7.139630349452587,7.139630349452587
2026-03-10 10:53:00+00:00,storage_percent,7.1396303494525855,7.139630349452587,7.139630349452587
2026-03-10 11:53:00+00:00,storage_percent,7.13963083290817,7.139648669874756,7.139630349452587
2026-03-10 12:53:00+00:00,storage_percent,7.139634865410993,7.139636456259976,7.139630349452587
2026-03-10 13:53:00+00:00,storage_percent,7.139636456259977,7.139636456259976,7.139636456259976
2026-03-10 14:53:00+00:00,storage_percent,7.139636456259977,7.139636456259976,7.139636456259976
2026-03-10 15:53:00+00:00,storage_percent,7.139636456259977,7.139636456259976,7.139636456259976
2026-03-10 16:53:00+00:00,storage_percent,7.139499867334693,7.139636456259976,7.139450198634597
2026-03-10 17:53:00+00:00,storage_percent,7.1394501986345915,7.139450198634597,7.139450198634597
2026-03-10 18:53:00+00:00,storage_percent,7.1394501986345915,7.139450198634597,7.139450198634597
2026-03-10 19:53:00+00:00,storage_percent,7.1394501986345915,7.139450198634597,7.139450198634597
2026-03-10 20:53:00+00:00,storage_percent,7.13945471459301,7.1394563054419855,7.139450198634597
2026-03-10 21:53:00+00:00,storage_percent,7.1394563054419935,7.1394563054419855,7.1394563054419855
2026-03-10 22:53:00+00:00,storage_percent,7.1394563054419935,7.1394563054419855,7.1394563054419855
2026-03-10 23:53:00+00:00,storage_percent,7.1394563054419935,7.1394563054419855,7.1394563054419855
2026-03-11 00:53:00+00:00,storage_percent,7.139460783767415,7.139462412249377,7.1394563054419855
2026-03-11 01:53:00+00:00,storage_percent,7.139462412249384,7.139462412249377,7.139462412249377
2026-03-11 02:53:00+00:00,storage_percent,7.139462412249384,7.139462412249377,7.139462412249377
2026-03-11 03:53:00+00:00,storage_percent,7.139462412249384,7.139462412249377,7.139462412249377
2026-03-11 04:53:00+00:00,storage_percent,7.139466941464851,7.1394685190567655,7.139462412249377
2026-03-11 05:53:00+00:00,storage_percent,7.139468519056761,7.1394685190567655,7.1394685190567655
2026-03-11 06:53:00+00:00,storage_percent,7.13946851905676,7.1394685190567655,7.1394685190567655
2026-03-11 07:53:00+00:00,storage_percent,7.13946851905676,7.1394685190567655,7.1394685190567655
2026-03-11 08:53:00+00:00,storage_percent,7.139507882519394,7.13953569393805,7.1394685190567655
2026-03-11 09:53:00+00:00,storage_percent,7.139541444515003,7.139541800745439,7.13953569393805
2026-03-11 10:53:00+00:00,storage_percent,7.139541800745434,7.139541800745439,7.139541800745439
2026-03-11 11:53:00+00:00,storage_percent,7.139542182420896,7.139560121167608,7.139541800745439
2026-03-11 12:53:00+00:00,storage_percent,7.139546228180804,7.139547907552828,7.139541800745439
2026-03-11 13:53:00+00:00,storage_percent,7.139547907552836,7.139547907552828,7.139547907552828
2026-03-11 14:53:00+00:00,storage_percent,7.139547907552833,7.139547907552828,7.139547907552828
2026-03-11 15:53:00+00:00,storage_percent,7.139547907552836,7.139547907552828,7.139547907552828
2026-03-11 16:53:00+00:00,storage_percent,7.139552284098117,7.139554014360219,7.139547907552828
2026-03-11 17:53:00+00:00,storage_percent,7.139554014360212,7.139554014360219,7.139554014360219
2026-03-11 18:53:00+00:00,storage_percent,7.139554014360212,7.139554014360219,7.139554014360219
2026-03-11 19:53:00+00:00,storage_percent,7.139554014360212,7.139554014360219,7.139554014360219
2026-03-11 20:53:00+00:00,storage_percent,7.13955844179557,7.139560121167608,7.139554014360219
2026-03-11 21:53:00+00:00,storage_percent,7.1395601211676025,7.139560121167608,7.139560121167608
2026-03-11 22:53:00+00:00,storage_percent,7.1395601211676025,7.139560121167608,7.139560121167608
2026-03-11 23:53:00+00:00,storage_percent,7.139560121167603,7.139560121167608,7.139560121167608
2026-03-12 00:53:00+00:00,storage_percent,7.139564497712911,7.139566227974998,7.139560121167608
2026-03-12 01:53:00+00:00,storage_percent,7.1395662279750045,7.139566227974998,7.139566227974998
2026-03-12 02:53:00+00:00,storage_percent,7.1395662279750045,7.139566227974998,7.139566227974998
2026-03-12 03:53:00+00:00,storage_percent,7.1395662279750045,7.139566227974998,7.139566227974998
2026-03-12 04:53:00+00:00,storage_percent,7.139570655410365,7.139572334782388,7.139566227974998
2026-03-12 05:53:00+00:00,storage_percent,7.139572334782395,7.139572334782388,7.139572334782388
2026-03-12 06:53:00+00:00,storage_percent,7.139572334782395,7.139572334782388,7.139572334782388
2026-03-12 07:53:00+00:00,storage_percent,7.139572334782393,7.139572334782388,7.139572334782388
2026-03-12 08:53:00+00:00,storage_percent,7.139576711327677,7.1395784415897765,7.139572334782388
2026-03-12 09:53:00+00:00,storage_percent,7.139578441589771,7.1395784415897765,7.1395784415897765
2026-03-12 10:53:00+00:00,storage_percent,7.139578441589771,7.1395784415897765,7.1395784415897765
2026-03-12 11:53:00+00:00,storage_percent,7.139578772375171,7.139596762011944,7.1395784415897765
2026-03-12 12:53:00+00:00,storage_percent,7.1395827672450185,7.139584548397168,7.1395784415897765
2026-03-12 13:53:00+00:00,storage_percent,7.139584548397172,7.139584548397168,7.139584548397168
2026-03-12 14:53:00+00:00,storage_percent,7.139584548397172,7.139584548397168,7.139584548397168
2026-03-12 15:53:00+00:00,storage_percent,7.139584548397172,7.139584548397168,7.139584548397168
2026-03-12 16:53:00+00:00,storage_percent,7.139588910402436,7.139590655204555,7.139584548397168
2026-03-12 17:53:00+00:00,storage_percent,7.1396163037955995,7.1396456164710616,7.139590655204555
2026-03-12 18:53:00+00:00,storage_percent,7.139645616471069,7.1396456164710616,7.1396456164710616
2026-03-12 19:53:00+00:00,storage_percent,7.139645616471069,7.1396456164710616,7.1396456164710616
2026-03-12 20:53:00+00:00,storage_percent,7.1396499421262885,7.139651723278451,7.1396456164710616
2026-03-12 21:53:00+00:00,storage_percent,7.139651723278445,7.139651723278451,7.139651723278451
2026-03-12 22:53:00+00:00,storage_percent,7.139651723278445,7.139651723278451,7.139651723278451
2026-03-12 23:53:00+00:00,storage_percent,7.139662410191372,7.139682257315397,7.139651723278451
2026-03-13 00:53:00+00:00,storage_percent,7.139733300047156,7.1397433253892935,7.139682257315397
2026-03-13 01:53:00+00:00,storage_percent,7.139743325389288,7.1397433253892935,7.1397433253892935
2026-03-13 02:53:00+00:00,storage_percent,7.139743325389287,7.1397433253892935,7.1397433253892935
2026-03-13 03:53:00+00:00,storage_percent,7.139743325389287,7.1397433253892935,7.1397433253892935
2026-03-13 04:53:00+00:00,storage_percent,7.139747651044535,7.139749432196683,7.1397433253892935
2026-03-13 05:53:00+00:00,storage_percent,7.139749432196689,7.139749432196683,7.139749432196683
2026-03-13 06:53:00+00:00,storage_percent,7.139749432196689,7.139749432196683,7.139749432196683
2026-03-13 07:53:00+00:00,storage_percent,7.139749432196689,7.139749432196683,7.139749432196683
2026-03-13 08:53:00+00:00,storage_percent,7.139758083507145,7.139761645811461,7.139749432196683
2026-03-13 09:53:00+00:00,storage_percent,7.139761645811457,7.139761645811461,7.139761645811461
2026-03-13 10:53:00+00:00,storage_percent,7.139761645811456,7.139761645811461,7.139761645811461
2026-03-13 11:53:00+00:00,storage_percent,7.139762129267041,7.13977996623363,7.139761645811461
2026-03-13 12:53:00+00:00,storage_percent,7.13976586968658,7.1397677526188525,7.139761645811461
2026-03-13 13:53:00+00:00,storage_percent,7.139767752618857,7.1397677526188525,7.1397677526188525
2026-03-13 14:53:00+00:00,storage_percent,7.139767752618857,7.1397677526188525,7.1397677526188525
2026-03-13 15:53:00+00:00,storage_percent,7.139767752618857,7.1397677526188525,7.1397677526188525
2026-03-13 16:53:00+00:00,storage_percent,7.139772027384014,7.139773859426239,7.1397677526188525
2026-03-13 17:53:00+00:00,storage_percent,7.139773859426231,7.139773859426239,7.139773859426239
2026-03-13 18:53:00+00:00,storage_percent,7.139773859426231,7.139773859426239,7.139773859426239
2026-03-13 19:53:00+00:00,storage_percent,7.139773859426231,7.139773859426239,7.139773859426239
2026-03-13 20:53:00+00:00,storage_percent,7.139778083301345,7.13977996623363,7.139773859426239
2026-03-13 21:53:00+00:00,storage_percent,7.139779966233624,7.13977996623363,7.13977996623363
2026-03-13 22:53:00+00:00,storage_percent,7.139779966233624,7.13977996623363,7.13977996623363
2026-03-13 23:53:00+00:00,storage_percent,7.139779966233624,7.13977996623363,7.13977996623363
2026-03-14 00:53:00+00:00,storage_percent,7.139784190108748,7.139786073041019,7.13977996623363
2026-03-14 01:53:00+00:00,storage_percent,7.139786073041026,7.139786073041019,7.139786073041019
2026-03-14 02:53:00+00:00,storage_percent,7.139786073041026,7.139786073041019,7.139786073041019
2026-03-14 03:53:00+00:00,storage_percent,7.139786073041026,7.139786073041019,7.139786073041019
2026-03-14 04:53:00+00:00,storage_percent,7.139790296916138,7.13979217984841,7.139786073041019
2026-03-14 05:53:00+00:00,storage_percent,7.139792179848416,7.13979217984841,7.13979217984841
2026-03-14 06:53:00+00:00,storage_percent,7.139792179848416,7.13979217984841,7.13979217984841
2026-03-14 07:53:00+00:00,storage_percent,7.139792179848416,7.13979217984841,7.13979217984841
2026-03-14 08:53:00+00:00,storage_percent,7.139796403723513,7.1397982866557985,7.13979217984841
2026-03-14 09:53:00+00:00,storage_percent,7.139798286655792,7.1397982866557985,7.1397982866557985
2026-03-14 10:53:00+00:00,storage_percent,7.139798286655792,7.1397982866557985,7.1397982866557985
2026-03-14 11:53:00+00:00,storage_percent,7.139798464771007,7.139816607077966,7.1397982866557985
2026-03-14 12:53:00+00:00,storage_percent,7.1398024087507945,7.139804393463188,7.1397982866557985
2026-03-14 13:53:00+00:00,storage_percent,7.139804393463194,7.139804393463188,7.139804393463188
2026-03-14 14:53:00+00:00,storage_percent,7.139804393463194,7.139804393463188,7.139804393463188
2026-03-14 15:53:00+00:00,storage_percent,7.139804393463194,7.139804393463188,7.139804393463188
2026-03-14 16:53:00+00:00,storage_percent,7.139808566448228,7.139810500270577,7.139804393463188
2026-03-14 17:53:00+00:00,storage_percent,7.139810500270569,7.139810500270577,7.139810500270577
2026-03-14 18:53:00+00:00,storage_percent,7.139810500270569,7.139810500270577,7.139810500270577
2026-03-14 19:53:00+00:00,storage_percent,7.139810500270567,7.139810500270577,7.139810500270577
2026-03-14 20:53:00+00:00,storage_percent,7.1398146223655585,7.139816607077966,7.139810500270577
2026-03-14 21:53:00+00:00,storage_percent,7.139816607077961,7.139816607077966,7.139816607077966
2026-03-14 22:53:00+00:00,storage_percent,7.139816607077961,7.139816607077966,7.139816607077966
2026-03-14 23:53:00+00:00,storage_percent,7.139816607077961,7.139816607077966,7.139816607077966
2026-03-15 00:53:00+00:00,storage_percent,7.139820729172963,7.139822713885355,7.139816607077966
2026-03-15 01:53:00+00:00,storage_percent,7.139822713885363,7.139822713885355,7.139822713885355
2026-03-15 02:53:00+00:00,storage_percent,7.139822713885363,7.139822713885355,7.139822713885355
2026-03-15 03:53:00+00:00,storage_percent,7.139822713885362,7.139822713885355,7.139822713885355
2026-03-15 04:53:00+00:00,storage_percent,7.139826835980334,7.139828820692745,7.139822713885355
2026-03-15 05:53:00+00:00,storage_percent,7.139828820692737,7.139828820692745,7.139828820692745
2026-03-15 06:53:00+00:00,storage_percent,7.139828820692737,7.139828820692745,7.139828820692745
2026-03-15 07:53:00+00:00,storage_percent,7.139828820692737,7.139828820692745,7.139828820692745
2026-03-15 08:53:00+00:00,storage_percent,7.139832942787726,7.139834927500136,7.139828820692745
2026-03-15 09:53:00+00:00,storage_percent,7.13983492750013,7.139834927500136,7.139834927500136
2026-03-15 10:53:00+00:00,storage_percent,7.13983492750013,7.139834927500136,7.139834927500136
2026-03-15 11:53:00+00:00,storage_percent,7.13983525828553,7.139853247922304,7.139834927500136
2026-03-15 12:53:00+00:00,storage_percent,7.1398389815991665,7.139841034307525,7.139834927500136
2026-03-15 13:53:00+00:00,storage_percent,7.139841034307532,7.139841034307525,7.139841034307525
2026-03-15 14:53:00+00:00,storage_percent,7.139841034307532,7.139841034307525,7.139841034307525
2026-03-15 15:53:00+00:00,storage_percent,7.139841034307532,7.139841034307525,7.139841034307525
2026-03-15 16:53:00+00:00,storage_percent,7.139845105512444,7.139847141114915,7.139841034307525
2026-03-15 17:53:00+00:00,storage_percent,7.139847141114908,7.139847141114915,7.139847141114915
2026-03-15 18:53:00+00:00,storage_percent,7.139847141114908,7.139847141114915,7.139847141114915
2026-03-15 19:53:00+00:00,storage_percent,7.139847141114908,7.139847141114915,7.139847141114915
2026-03-15 20:53:00+00:00,storage_percent,7.1398511952139305,7.139853247922304,7.139847141114915
2026-03-15 21:53:00+00:00,storage_percent,7.139853247922298,7.139853247922304,7.139853247922304
2026-03-15 22:53:00+00:00,storage_percent,7.139853247922298,7.139853247922304,7.139853247922304
2026-03-15 23:53:00+00:00,storage_percent,7.139853247922298,7.139853247922304,7.139853247922304
2026-03-16 00:53:00+00:00,storage_percent,7.139730730099052,7.139865461537082,7.139666990296924
2026-03-16 01:53:00+00:00,storage_percent,7.139666990296922,7.139666990296924,7.139666990296924
2026-03-16 02:53:00+00:00,storage_percent,7.139666990296922,7.139666990296924,7.139666990296924
2026-03-16 03:53:00+00:00,storage_percent,7.1396669902969245,7.139666990296924,7.139666990296924
2026-03-16 04:53:00+00:00,storage_percent,7.139671044395946,7.139673097104314,7.139666990296924
2026-03-16 05:53:00+00:00,storage_percent,7.139673097104315,7.139673097104314,7.139673097104314
2026-03-16 06:53:00+00:00,storage_percent,7.139673097104315,7.139673097104314,7.139673097104314
2026-03-16 07:53:00+00:00,storage_percent,7.139673097104315,7.139673097104314,7.139673097104314
2026-03-16 08:53:00+00:00,storage_percent,7.139677117419181,7.139679203911703,7.139673097104314
2026-03-16 09:53:00+00:00,storage_percent,7.139679203911706,7.139679203911703,7.139679203911703
2026-03-16 10:53:00+00:00,storage_percent,7.139679203911706,7.139679203911703,7.139679203911703
2026-03-16 11:53:00+00:00,storage_percent,7.139679432916982,7.139697524333871,7.139679203911703
2026-03-16 12:53:00+00:00,storage_percent,7.139683155375309,7.139685310719093,7.139679203911703
2026-03-16 13:53:00+00:00,storage_percent,7.1396853107190905,7.139685310719093,7.139685310719093
2026-03-16 14:53:00+00:00,storage_percent,7.1396853107190905,7.139685310719093,7.139685310719093
2026-03-16 15:53:00+00:00,storage_percent,7.1396853107190905,7.139685310719093,7.139685310719093
2026-03-16 16:53:00+00:00,storage_percent,7.139691239411275,7.139694470930177,7.139685310719093
2026-03-16 17:53:00+00:00,storage_percent,7.139694470930183,7.139694470930177,7.139694470930177
2026-03-16 18:53:00+00:00,storage_percent,7.139694470930183,7.139694470930177,7.139694470930177
2026-03-16 19:53:00+00:00,storage_percent,7.139694470930183,7.139694470930177,7.139694470930177
